model,regime,ece,brier
logistic_regression,static,0.06631824693882432,0.08693292111941046
logistic_regression,temporal,0.13498412917469024,0.11173856319724053
random_forest,static,0.05845,0.09196175000000001
random_forest,temporal,0.12185000000000001,0.10501724999999999
gradient_boosting,static,0.10707523877384434,0.11470167289004252
gradient_boosting,temporal,0.11042780905237479,0.1307338384722153
