model,n_sepsis_twins,alignment,mean_regret,median_regret
logistic_regression,79,0.20253164556962025,19.64791835251426,1.1146303790582408
random_forest,79,0.189873417721519,19.790787773127455,1.3784369533150311
gradient_boosting,79,0.189873417721519,19.767827985055217,1.1781983818085786
xgboost,79,0.17721518987341772,19.84563807808026,1.4678580042607337
lstm,79,0.22784810126582278,27.260626803645216,1.583228573840941
tcn,79,0.21518987341772153,18.26472769606242,1.1146303790582408
