model,regime,aurc,risk_at_cov_0.8,cov_at_risk_0.1
logistic_regression,static,0.10951924177371006,0.10126582278481013,1.0
logistic_regression,temporal,0.15225479505712455,0.12345679012345678,0.1
random_forest,static,0.15806395945085147,0.20634920634920634,0.23
random_forest,temporal,0.13117902075415425,0.11392405063291139,1.0
gradient_boosting,static,0.172335356126863,0.14,0.2
gradient_boosting,temporal,0.20222101323696437,0.19753086419753085,0.16
