model,net_benefit_at_0.30,max_net_benefit,max_net_benefit_threshold,useful_threshold_low,useful_threshold_high
logistic_regression,0.2288690903865498,0.2828282828282828,0.01,0.08919191919191918,0.9504040404040404
random_forest,0.18815490731426932,0.2858585858585858,0.01,0.01,0.99
gradient_boosting,0.17505963500502947,0.2828282828282828,0.01,0.029797979797979796,0.9702020202020202
