model,demographic_parity_ratio,demographic_parity_diff,equalized_odds_ratio,tpr_difference,fpr_difference,calibration_fairness_ratio,max_group_ece
logistic_regression,0.40820604971548363,0.3966278602970695,0.8187153466152923,0.1097134870719777,0.25285581969743753,0.8050554214242169,0.1949445785757831
random_forest,0.5012305168170631,0.3661180248896026,0.8387368827115546,0.0733752620545074,0.24915097252238344,0.7872772245762711,0.2127227754237288
gradient_boosting,0.46947835738068805,0.38378161380971504,0.8197552582961544,0.11041229909154437,0.25007718431614695,0.7792862980782258,0.2207137019217742
xgboost,0.5149117468046257,0.3199518265756724,0.8919743197909649,0.002096436058700135,0.21395492435937016,0.6929710520750685,0.3070289479249315
lstm,0.9987841945288755,0.001204335608189444,0.9941339919728311,0.0,0.011732016054337824,0.7326581838305344,0.2673418161694656
tcn,0.40820604971548363,0.3966278602970695,0.8065259420208245,0.14675052410901468,0.24019759184933626,0.6933081334742557,0.3066918665257443
