model,regime,weighted_harm_loss,harm_high,harm_medium,harm_low,escalation_failures,false_escalations,harm_concentration
logistic_regression,static,0.64,1.6666666666666665,0.0,0.07407407407407407,2,0,0.9574468085106383
logistic_regression,temporal,0.81,1.9444444444444444,0.6000000000000001,0.09259259259259259,4,0,0.7373595505617977
random_forest,static,0.58,1.3888888888888888,0.0,0.14814814814814814,2,4,0.9036144578313253
random_forest,temporal,0.57,1.3888888888888888,0.30000000000000004,0.07407407407407407,1,0,0.7878151260504201
gradient_boosting,static,0.68,1.6666666666666665,0.0,0.14814814814814814,3,5,0.9183673469387755
gradient_boosting,temporal,0.89,2.2222222222222223,0.0,0.16666666666666666,3,5,0.930232558139535
