model,regime,n_test,accuracy,auroc,auprc,precision,recall,specificity,f1,ece,brier
logistic_regression,static,100,0.9,0.8751821272462359,0.8386527212709552,0.8518518518518519,0.7931034482758621,0.9436619718309859,0.8214285714285714,0.06631824693882432,0.08693292111941046
logistic_regression,temporal,100,0.86,0.815444390480816,0.7843217194549257,0.8571428571428571,0.6206896551724138,0.9577464788732394,0.72,0.13498412917469024,0.11173856319724053
random_forest,static,100,0.87,0.9363768819815445,0.878096993641288,0.7666666666666667,0.7931034482758621,0.9014084507042254,0.7796610169491526,0.05845,0.09196175000000001
random_forest,temporal,100,0.9,0.9023797960174842,0.7980602626311587,0.8518518518518519,0.7931034482758621,0.9436619718309859,0.8214285714285714,0.12185000000000001,0.10501724999999999
gradient_boosting,static,100,0.86,0.9045653229723167,0.8507532705962346,0.7419354838709677,0.7931034482758621,0.8873239436619719,0.7666666666666667,0.10707523877384434,0.11470167289004252
gradient_boosting,temporal,100,0.83,0.860611947547353,0.7796137860836422,0.6875,0.7586206896551724,0.8591549295774648,0.7213114754098361,0.11042780905237479,0.1307338384722153
