model,threshold,number_needed_to_screen,ppv,percent_high_risk,n_high_risk,n_true_positives
logistic_regression,0.3,1.295774647887324,0.7717391304347826,46.0,92,71
random_forest,0.3,1.44,0.6944444444444444,54.0,108,75
gradient_boosting,0.3,1.4054054054054055,0.7115384615384616,52.0,104,74
xgboost,0.3,1.380281690140845,0.7244897959183674,49.0,98,71
lstm,0.3,2.475,0.40404040404040403,99.0,198,80
tcn,0.3,1.3142857142857143,0.7608695652173914,46.0,92,70
