{
  "seed": 42,
  "dbrs": {
    "n_evaluated": 64,
    "n_critical_gt_1.15": 3,
    "dbrs_min": 0.9594202898550727,
    "dbrs_max": 1.4048606994665085,
    "dbrs_mean": 1.0161939161538251,
    "critical_biomarkers": [
      "ards:oxygen_saturation:random_forest",
      "ards:oxygen_saturation:xgboost",
      "ards:pf_ratio:gradient_boosting"
    ]
  },
  "tcb": {
    "loss_metric": "brier",
    "rho": 0.2,
    "delta_min": 0.0008375058514769051,
    "rho_delta_min": 0.00016750117029538104,
    "fraction_bound_holds": 1.0,
    "per_model_loss_gap": {
      "gradient_boosting": 0.06396072664590852,
      "logistic_regression": 0.008474997189289527,
      "lstm": 0.0008375058514769051,
      "random_forest": 0.026040624999999998,
      "tcn": 0.003786352772907481,
      "xgboost": 0.05697586382838138
    }
  },
  "tcs": {
    "by_missingness_mean": {
      "0.2": 0.80831498015873,
      "0.4": 0.7554303075396825,
      "0.6": 0.7724444444444444
    },
    "min_mean_tcs": 0.6175,
    "max_mean_tcs": 0.914
  },
  "tce": {
    "loss_form": "L2_trajectory",
    "per_model_mean": {
      "gradient_boosting": 0.34386012449391395,
      "logistic_regression": 0.33862718990030133,
      "random_forest": 0.31363897112638567,
      "xgboost": 0.3386009931676655
    },
    "overall_mean_tce": 0.3336818196720666,
    "min_mean_tce": 0.14961951700323478,
    "max_mean_tce": 0.5266539547854628,
    "per_model_disease": {
      "logistic_regression:sepsis": 0.5266539547854628,
      "logistic_regression:ards": 0.3094495350899961,
      "logistic_regression:cardiac": 0.17977807982544514,
      "random_forest:sepsis": 0.4546601180759746,
      "random_forest:ards": 0.33663727829994766,
      "random_forest:cardiac": 0.14961951700323478,
      "gradient_boosting:sepsis": 0.5052536879919305,
      "gradient_boosting:ards": 0.3720938686233105,
      "gradient_boosting:cardiac": 0.1542328168665009,
      "xgboost:sepsis": 0.518476530311421,
      "xgboost:ards": 0.3460775309320351,
      "xgboost:cardiac": 0.1512489182595405
    }
  },
  "bews": {
    "threshold_z": 1.96,
    "flagged_diseases": [],
    "per_biomarker": {
      "sepsis:temperature": {
        "lead_time_hours": 24.0,
        "precision": 0.8082191780821918,
        "max_deviation": 2.668769482411038
      },
      "sepsis:heart_rate": {
        "lead_time_hours": 24.0,
        "precision": 0.7763157894736842,
        "max_deviation": 2.549333934651108
      },
      "sepsis:respiratory_rate": {
        "lead_time_hours": 24.0,
        "precision": 0.5858585858585859,
        "max_deviation": 2.2811203959220885
      },
      "sepsis:white_blood_cell_count": {
        "lead_time_hours": 24.0,
        "precision": 0.7972972972972973,
        "max_deviation": 2.9173018104850748
      },
      "sepsis:blood_pressure_sys": {
        "lead_time_hours": 24.0,
        "precision": 0.7712418300653595,
        "max_deviation": 2.8534097079228204
      },
      "sepsis:lactate": {
        "lead_time_hours": 24.0,
        "precision": 0.8082191780821918,
        "max_deviation": 2.6993657959054436
      },
      "ards:oxygen_saturation": {
        "lead_time_hours": 24.0,
        "precision": 0.7224489795918367,
        "max_deviation": 3.6247651607148526
      },
      "ards:respiratory_rate": {
        "lead_time_hours": 24.0,
        "precision": 0.7489361702127659,
        "max_deviation": 3.8506719458992644
      },
      "ards:pf_ratio": {
        "lead_time_hours": 24.0,
        "precision": 0.9042553191489362,
        "max_deviation": 3.4397482867468705
      },
      "ards:heart_rate": {
        "lead_time_hours": 24.0,
        "precision": 0.7445887445887446,
        "max_deviation": 3.282716274101388
      },
      "cardiac:heart_rate": {
        "lead_time_hours": null,
        "precision": null,
        "max_deviation": 1.9340079350708914
      },
      "cardiac:blood_pressure_sys": {
        "lead_time_hours": null,
        "precision": null,
        "max_deviation": 1.6498692408633158
      },
      "cardiac:blood_pressure_dia": {
        "lead_time_hours": null,
        "precision": null,
        "max_deviation": 1.6041823244868458
      },
      "cardiac:troponin": {
        "lead_time_hours": 23.0,
        "precision": 0.6931818181818182,
        "max_deviation": 2.075943190351178
      },
      "cardiac:st_elevation": {
        "lead_time_hours": 24.0,
        "precision": 0.6702127659574468,
        "max_deviation": 2.071628046353323
      },
      "cardiac:chest_pain_score": {
        "lead_time_hours": 23.0,
        "precision": 0.6632653061224489,
        "max_deviation": 2.0960487904500917
      }
    },
    "lead_time_hours_range": [
      23.0,
      24.0
    ],
    "precision_range": [
      0.5858585858585859,
      0.9042553191489362
    ]
  }
}