model,loss_gap,loss_metric,rho,delta_min,rho_delta_min,bound_holds,fraction_bound_holds
gradient_boosting,0.06396072664590852,brier,0.2,0.0008375058514769051,0.00016750117029538104,True,1.0
logistic_regression,0.008474997189289527,brier,0.2,0.0008375058514769051,0.00016750117029538104,True,1.0
lstm,0.0008375058514769051,brier,0.2,0.0008375058514769051,0.00016750117029538104,True,1.0
random_forest,0.026040624999999998,brier,0.2,0.0008375058514769051,0.00016750117029538104,True,1.0
tcn,0.003786352772907481,brier,0.2,0.0008375058514769051,0.00016750117029538104,True,1.0
xgboost,0.05697586382838138,brier,0.2,0.0008375058514769051,0.00016750117029538104,True,1.0
