model,loss_gap,loss_metric,rho,delta_min,rho_delta_min,bound_holds,fraction_bound_holds
gradient_boosting,0.016032165582172797,brier,0.2,0.013055499999999984,0.002611099999999997,True,1.0
logistic_regression,0.024805642077830065,brier,0.2,0.013055499999999984,0.002611099999999997,True,1.0
random_forest,0.013055499999999984,brier,0.2,0.013055499999999984,0.002611099999999997,True,1.0
